<?xml version="1.0" encoding="UTF-8"?>
<project-private xmlns="http://www.netbeans.org/ns/project-private/1">
    <editor-bookmarks xmlns="http://www.netbeans.org/ns/editor-bookmarks/2" lastBookmarkId="0"/>
    <open-files xmlns="http://www.netbeans.org/ns/projectui-open-files/2">
        <group>
            <file>file:/Users/alejandrok/Documents/cpp-alumni-3/cpp-alumni/src/java/alumni/UpdateAccountServlet.java</file>
            <file>file:/Users/alejandrok/Documents/cpp-alumni-3/cpp-alumni/src/java/alumni/SearchServlet.java</file>
            <file>file:/Users/alejandrok/Documents/cpp-alumni-3/cpp-alumni/web/profile.jsp</file>
            <file>file:/Users/alejandrok/Documents/cpp-alumni-3/cpp-alumni/src/java/alumni/Controller.java</file>
            <file>file:/Users/alejandrok/Documents/cpp-alumni-3/cpp-alumni/web/search.jsp</file>
            <file>file:/Users/alejandrok/Documents/cpp-alumni-3/cpp-alumni/src/java/alumni/LoginServlet.java</file>
        </group>
    </open-files>
</project-private>
